<?xml version="1.0" encoding="UTF-8"?>
<extension type="module" version="2.5" client="site" method="upgrade">
	<name>mod_cf_filtering</name>
	<creationDate>2015-06-12</creationDate>
	<author>breadkesigns</author>
	<authorEmail>info@breakdesigns.net</authorEmail>
	<authorUrl>http://www.breakdesigns.net</authorUrl>
	<copyright>Copyright(c) 2015 breakdesigns.net</copyright>
	<license>GNU/GPL v.2</license>
	<version>2.2.9</version>
	<description><![CDATA[<h3>Custom Filters <i style="font-size:12px">(v.2.2.9 <span style="font-size:9px">12 June 2015</span>)</i></h3>
    <span><img src="../modules/mod_cf_filtering/assets/cf_logo.png"/></span>
    <p style="margin-top:5px; font-size:12px; font-weight:0;">If you use Custom Filters, please post a rating and a review at the
    <a target="_blank" href="http://extensions.joomla.org/extensions/extension-specific/virtuemart-extensions/virtuemart-products-search/19684">Joomla! Extensions Directory.</a></p>
    ]]></description>
	<files>
		<filename module="mod_cf_filtering">mod_cf_filtering.php</filename>
		<folder>assets</folder>
		<folder>tmpl</folder>
		<filename>helper.php</filename>
		<filename>index.html</filename>
		<filename>optionsHelper.php</filename>
		<filename>renderHelper.php</filename>
		<filename>mod_cf_filtering.xml</filename>
	</files>
	<languages>
	</languages>

	<help key="JHELP_EXTENSIONS_MODULE_MANAGER_MOST_READ" />
	<config>
		<fields name="params">
			<fieldset name="basic"
				addfieldpath="/administrator/components/com_customfilters/models/fields">

				<field type="spacer" name="cfspacer" class="cfspacer"
					label="MOD_CF_FILTERING_RESULTS_AND_MODULE_LOADING_LABEL"
					description="MOD_CF_FILTERING_RESULTS_AND_MODULE_LOADING_DESC" />

				<field name="results_trigger" type="list" default="1"
					label="MOD_CF_FILTERING_RESULTS_TRIGGER_LABEL" description="MOD_CF_FILTERING_RESULTS_TRIGGER_DESC">
					<option value="sel">MOD_CF_FILTERING_AFTER_ANY_SELECTION</option>
					<option value="btn">MOD_CF_FILTERING_AFTER_PRESSING_BUTTON
					</option>
				</field>

				<field name="results_loading_mode" type="list" default="ajax"
					label="MOD_CF_FILTERING_RESULTS_LOADING_MODE_LABEL" description="MOD_CF_FILTERING_RESULTS_LOADING_MODE_DESC">
					<option value="http">MOD_CF_FILTERING_HTTP</option>
					<option value="ajax">MOD_CF_FILTERING_AJAX</option>
				</field>

				<field name="use_ajax_spinner" label="MOD_CF_FILTERING_USE_AJAX_SPINNER_LABEL"
					description="MOD_CF_FILTERING_USE_AJAX_SPINNER_DESC" type="media"
					preview="false" directory="stories/customfilters/loaders" />

				<field name="use_results_ajax_spinner" label="MOD_CF_FILTERING_USE_RESULTS_AJAX_SPINNER_LABEL"
					description="MOD_CF_FILTERING_USE_RESULTS_AJAX_SPINNER_DESC" type="media"
					preview="false" directory="stories/customfilters/loaders" />

				<field type="hidden" name="results_wrapper" value="bd_results" />

				<field type="spacer" name="cfspacer_other_gen" class="cfspacer"
					label="MOD_CF_FILTERING_OTHER_GENERAL_PARAMS" description="MOD_CF_FILTERING_OTHER_PARAMS" />



				<field name="dependency_direction" type="list" default="all"
					label="MOD_CF_FILTERING_DEPENDENCY_DIR_LABEL" description="MOD_CF_FILTERING_DEPENDENCY_DIR_DESC">
					<option value="all">MOD_CF_FILTERING_DEPENDENCY_DIR_ALL</option>
					<option value="t-b">MOD_CF_FILTERING_DEPENDENCY_DIR_TOP_TO_BOTTOM
					</option>
				</field>


				<field name="disp_clear" type="radio" default="1"
					class="btn-group btn-group-yesno" label="MOD_CF_FILTERING_DISP_CLEAR_LABEL"
					description="MOD_CF_FILTERING_DISP_CLEAR_DESC">
					<option value="1">JYES</option>
					<option value="0">JNO</option>
				</field>
				<field name="disp_selected_ontop" type="radio" default="1"
					class="btn-group btn-group-yesno" label="MOD_CF_FILTERING_DISP_DISP_SELECTED_ONTOP_LABEL"
					description="MOD_CF_FILTERING_DISP_DISP_SELECTED_ONTOP_DESC">
					<option value="1">JYES</option>
					<option value="0">JNO</option>
				</field>
				<field name="disp_reset_all" type="radio" default="1"
					class="btn-group btn-group-yesno" label="MOD_CF_FILTERING_DISP_RESET_LABEL"
					description="MOD_CF_FILTERING_DISP_RESET_DESC">
					<option value="1">JYES</option>
					<option value="0">JNO</option>
				</field>

				<field name="reset_all_reset_flt" type="list" default="custom_f"
					multiple="true" size="5" label="MOD_CF_FILTERING_RESET_FLT_LABEL"
					description="MOD_CF_FILTERING_RESET_FLT_DESC">
					<option value="q">COM_MODULES_MOD_CF_FILTERING_KEYWORD_FIELDSET_LABEL
					</option>
					<option value="virtuemart_category_id">COM_MODULES_MOD_CF_FILTERING_CATEGORIES_FIELDSET_LABEL
					</option>
					<option value="virtuemart_manufacturer_id">COM_MODULES_MOD_CF_FILTERING_MANUFACTURERS_FIELDSET_LABEL
					</option>
					<option value="price">COM_MODULES_MOD_CF_FILTERING_PRICE_FIELDSET_LABEL
					</option>
					<option value="custom_f">COM_MODULES_MOD_CF_FILTERING_CUSTOM_FILTERS_FIELDSET_LABEL
					</option>
				</field>


				<field name="indexfltrs_by_search_engines" type="radio"
					class="btn-group btn-group-yesno" default="0"
					label="MOD_CF_FILTERING_INDEX_BY_SEARCH_ENGINES_LABEL" description="MOD_CF_FILTERING_INDEX_BY_SEARCH_ENGINES_DESC">
					<option value="1">JYES</option>
					<option value="0">JNO</option>
				</field>

				<field name="filterlist" type="filterlist"
					label="MOD_CF_FILTERING_FILTERLIST_LABEL" description="MOD_CF_FILTERING_FILTERLIST_DESC" />
			</fieldset>



			<fieldset name="MOD_CF_FILTERING_KEYWORD">
				<field name="keyword_flt_published" type="radio" default="1"
					class="btn-group btn-group-yesno" label="MOD_CF_FILTERING_PUBLISHED_LABEL"
					description="MOD_CF_FILTERING_PUBLISHED_DESC">
					<option value="1">JYES</option>
					<option value="0">JNO</option>
				</field>

				<field name="keyword_flt_display_header" type="radio" default="0"
					class="btn-group btn-group-yesno" label="MOD_CF_FILTERING_DISPLAY_HEADER_LABEL"
					description="MOD_CF_FILTERING_DISPLAY_HEADER_DESC">
					<option value="1">JYES</option>
					<option value="0">JNO</option>
				</field>


				<field type="spacer" name="cfspacer" class="cfspacer"
					label="MOD_CF_FILTERING_DISPLAY" description="MOD_CF_FILTERING_DISPLAY_DESC" />

				<field name="keyword_flt_non_vm_pages" type="radio" default="1"
					class="btn-group btn-group-yesno" label="MOD_CF_FILTERING_NON_VM_PAGES_LABEL"
					description="MOD_CF_FILTERING_NON_VM_PAGES_DESC">
					<option value="1">JYES</option>
					<option value="0">JNO</option>
				</field>

				<field name="keyword_flt_vm_category_pages" type="radio"
					class="btn-group btn-group-yesno" default="1"
					label="MOD_CF_FILTERING_VMCATEGORY_PAGES_LABEL" description="MOD_CF_FILTERING_VM_CATEGORY_PAGES_DESC">
					<option value="1">JYES</option>
					<option value="0">JNO</option>
				</field>

				<field name="keyword_flt_vm_manuf_pages" type="radio" default="1"
					class="btn-group btn-group-yesno" label="MOD_CF_FILTERING_VMMANUF_PAGES_LABEL"
					description="MOD_CF_FILTERING_VM_MANUF_PAGES_DESC">
					<option value="1">JYES</option>
					<option value="0">JNO</option>
				</field>

				<field name="keyword_flt_vm_productdetails_pages" type="radio"
					class="btn-group btn-group-yesno" default="1"
					label="MOD_CF_FILTERING_VM_PRODDETAILS_PAGES_LABEL" description="MOD_CF_FILTERING_VM_PRODDETAILS_PAGES_DESC">
					<option value="1">JYES</option>
					<option value="0">JNO</option>
				</field>

				<field name="keyword_flt_vm_other_pages" type="radio" default="1"
					class="btn-group btn-group-yesno" label="MOD_CF_FILTERING_VM_OTHER_PAGES_LABEL"
					description="MOD_CF_FILTERING_VM_OTHER_PAGES_DESC">
					<option value="1">JYES</option>
					<option value="0">JNO</option>
				</field>
			</fieldset>



			<fieldset name="MOD_CF_FILTERING_CATEGORIES">
				<field name="category_flt_published" type="radio" default="1"
					class="btn-group btn-group-yesno" label="MOD_CF_FILTERING_PUBLISHED_LABEL"
					description="MOD_CF_FILTERING_PUBLISHED_DESC">
					<option value="1">JYES</option>
					<option value="0">JNO</option>
				</field>

				<field name="category_flt_expanded" type="radio" default="1"
					class="btn-group btn-group-yesno" label="MOD_CF_FILTERING_EXPANDED_LABEL"
					description="MOD_CF_FILTERING_EXPANDED_DESC">
					<option value="1">JYES</option>
					<option value="0">JNO</option>
				</field>

				<field name="category_flt_disable_empty_filters" type="list"
					default="1" label="MOD_CF_FILTERING_EMPTY_FILTER_OPTIONS_LABEL"
					description="MOD_CF_FILTERING_EMPTY_FILTER_OPTIONS_DESC">
					<option value="1">MOD_CF_FILTERING_SHOW_DISABLED</option>
					<option value="0">MOD_CF_FILTERING_HIDE</option>
					<option value="2">MOD_CF_FILTERING_SHOW_ENABLED</option>
				</field>

				<field name="category_flt_display_counter_results" type="radio"
					class="btn-group btn-group-yesno" default="1"
					label="MOD_CF_FILTERING_DISP_NUM_RESULTS_LABEL" description="MOD_CF_FILTERING_DISP_NUM_RESULTS_DESC">
					<option value="1">JYES</option>
					<option value="0">JNO</option>
				</field>

				<field name="category_flt_onchange_reset" type="list"
					class="btn-group btn-group-yesno" default="filters"
					label="MOD_CF_FILTERING_ONCHANGE_RESET_FLTRS_LABEL" description="MOD_CF_FILTERING_ONCHANGE_RESET_FLTRS_DESC">
					<option value="0">JNONE</option>
					<option value="filters">MOD_CF_FILTERING_FILTERS</option>
					<option value="filters_keywords">MOD_CF_FILTERING_FILTERS_AND_KEYWORDS</option>
				</field>


				<field type="spacer" class="cfspacer" name="myspacer_cat_other"
					label="MOD_CF_FILTERING_OTHER_PARAMS" />

				<field name="categories_disp_order" type="list" default="tree"
					label="MOD_CF_FILTERING_CAT_DISP_ORDER" description="MOD_CF_FILTERING_CAT_DISP_ORDER_DESC">
					<option value="ordering">MOD_CF_FILTERING_VM_CAT_ORDER_ORDERING
					</option>
					<option value="names">MOD_CF_FILTERING_VM_CAT_ORDER_NAMES</option>
					<option value="tree">MOD_CF_FILTERING_VM_CAT_TREE</option>
				</field>

				<field name="category_flt_disp_type" type="list" default="3"
					label="MOD_CF_FILTERING_DISP_TYPE_LABEL" description="MOD_CF_FILTERING_DISP_TYPE_DESC">
					<option value="1">MOD_CF_FILTERING_SELECT</option>
					<option value="2">MOD_CF_FILTERING_RADIO</option>
					<option value="3">MOD_CF_FILTERING_CHECKBOX</option>
					<option value="4">MOD_CF_FILTERING_LINK</option>
				</field>

				<field name="category_flt_disp_vm_cat" type="text" default=""
					size="50" label="MOD_CF_FILTERING_DISP_VMCAT_LABEL" description="MOD_CF_FILTERING_DISP_VMCAT_DESC" />

				<field name="category_flt_exclude_vm_cat" type="text" default=""
					size="50" label="MOD_CF_FILTERING_EXCLUDE_VMCAT_LABEL" description="MOD_CF_FILTERING_EXCLUDE_VMCAT_DESC" />

				<field name="category_flt_smart_search" type="radio" default="0"
					class="btn-group btn-group-yesno" label="MOD_CF_FILTERING_DISP_SMART_SEARCH_LABEL"
					description="MOD_CF_FILTERING_DISP_SMART_SEARCH_DESC">
					<option value="1">JYES</option>
					<option value="0">JNO</option>
				</field>

				<field name="category_flt_scrollbar_after" type="text"
					default="" size="10" label="MOD_CF_FILTERING_SCROLLBAR_AFTER_LABEL"
					description="MOD_CF_FILTERING_SCROLLBAR_AFTER_DESC" />

				<field type="spacer" class="cfspacer" name="myspacer_cat_theming"
					label="MOD_CF_FILTERING_THEMING_PARAMS" />

				<field name="category_flt_tree_mode" type="radio" default="0"
					label="MOD_CF_FILTERING_TREE_MODE_LABEL" description="MOD_CF_FILTERING_TREE_MODE_DESC">
					<option value="0">MOD_CF_FILTERING_COLLAPSED</option>
					<option value="1">MOD_CF_FILTERING_EXPANDED</option>
				</field>

				<field name="category_flt_auto_expand_subtrees" type="radio"
					default="1" class="btn-group btn-group-yesno" label="MOD_CF_FILTERING_AUTO_EXPAND_SUBTREES_LABEL"
					description="MOD_CF_FILTERING_AUTO_EXPAND_SUBTREES_DESC">
					<option value="1">JYES</option>
					<option value="0">JNO</option>
				</field>

				<field name="category_flt_parent_link" type="radio" default="0"
					class="btn-group btn-group-yesno" label="MOD_CF_FILTERING_PARENT_LINK_LABEL"
					description="MOD_CF_FILTERING_PARENT_LINK_DESC">
					<option value="1">JYES</option>
					<option value="0">JNO</option>
				</field>

				<field label="MOD_CF_FILTERING_CAT_TREE_COLLAPSED_ICON" name="category_flt_collapsed_icon"
					type="media" preview="true" directory="stories/customfilters" />

				<field label="MOD_CF_FILTERING_CAT_TREE_EXPANDED_ICON" name="category_flt_expanded_icon"
					class="btn-group btn" type="media" preview="true" directory="stories/customfilters" />

				<field name="category_flt_icon_position" type="radio" default="left"
					class="btn-group" label="MOD_CF_FILTERING_ICON_POS_LABEL"
					description="MOD_CF_FILTERING_ICON_POS_DESC">
					<option value="left">MOD_CF_FILTERING_LEFT</option>
					<option value="right">MOD_CF_FILTERING_RIGHT</option>
				</field>
				<field type="spacer" class="cfinfo" name=""
					label="MOD_CF_FILTERING_TREE_INFO" />


				<field type="spacer" name="cfspacer" class="cfspacer"
					label="MOD_CF_FILTERING_DISPLAY" description="MOD_CF_FILTERING_DISPLAY_DESC" />

				<field name="category_flt_non_vm_pages" type="radio" default="1"
					class="btn-group btn-group-yesno" label="MOD_CF_FILTERING_NON_VM_PAGES_LABEL"
					description="MOD_CF_FILTERING_NON_VM_PAGES_DESC">
					<option value="1">JYES</option>
					<option value="0">JNO</option>
				</field>

				<field name="category_flt_vm_category_pages" type="radio"
					class="btn-group btn-group-yesno" default="1"
					label="MOD_CF_FILTERING_VMCATEGORY_PAGES_LABEL" description="MOD_CF_FILTERING_VM_CATEGORY_PAGES_DESC">
					<option value="1">JYES</option>
					<option value="0">JNO</option>
				</field>

				<field name="category_flt_vm_manuf_pages" type="radio"
					class="btn-group btn-group-yesno" default="1"
					label="MOD_CF_FILTERING_VMMANUF_PAGES_LABEL" description="MOD_CF_FILTERING_VM_MANUF_PAGES_DESC">
					<option value="1">JYES</option>
					<option value="0">JNO</option>
				</field>

				<field name="category_flt_vm_productdetails_pages" type="radio"
					class="btn-group btn-group-yesno" default="1"
					label="MOD_CF_FILTERING_VM_PRODDETAILS_PAGES_LABEL" description="MOD_CF_FILTERING_VM_PRODDETAILS_PAGES_DESC">
					<option value="1">JYES</option>
					<option value="0">JNO</option>
				</field>

				<field name="category_flt_vm_other_pages" type="radio"
					class="btn-group btn-group-yesno" default="1"
					label="MOD_CF_FILTERING_VM_OTHER_PAGES_LABEL" description="MOD_CF_FILTERING_VM_OTHER_PAGES_DESC">
					<option value="1">JYES</option>
					<option value="0">JNO</option>
				</field>
			</fieldset>



			<fieldset name="MOD_CF_FILTERING_MANUFACTURERS">
				<field name="manuf_flt_published" type="radio" default="1"
					class="btn-group btn-group-yesno" label="MOD_CF_FILTERING_PUBLISHED_LABEL"
					description="MOD_CF_FILTERING_PUBLISHED_DESC">
					<option value="1">JYES</option>
					<option value="0">JNO</option>
				</field>

				<field name="manuf_flt_expanded" type="radio" default="1"
					class="btn-group btn-group-yesno" label="MOD_CF_FILTERING_EXPANDED_LABEL"
					description="MOD_CF_FILTERING_EXPANDED_DESC">
					<option value="1">JYES</option>
					<option value="0">JNO</option>
				</field>

				<field name="manuf_flt_disable_empty_filters" type="list"
					default="1" label="MOD_CF_FILTERING_EMPTY_FILTER_OPTIONS_LABEL"
					description="MOD_CF_FILTERING_EMPTY_FILTER_OPTIONS_DESC">
					<option value="1">MOD_CF_FILTERING_SHOW_DISABLED</option>
					<option value="0">MOD_CF_FILTERING_HIDE</option>
					<option value="2">MOD_CF_FILTERING_SHOW_ENABLED</option>
				</field>

				<field name="manuf_flt_display_counter_results" type="radio"
					class="btn-group btn-group-yesno" default="1"
					label="MOD_CF_FILTERING_DISP_NUM_RESULTS_LABEL" description="MOD_CF_FILTERING_DISP_NUM_RESULTS_DESC">
					<option value="1">JYES</option>
					<option value="0">JNO</option>
				</field>

				<field type="spacer" class="cfspacer" name="myspacer_cat_other"
					label="MOD_CF_FILTERING_OTHER_PARAMS" />

				<field name="manuf_flt_disp_type" type="list" default="3"
					label="MOD_CF_FILTERING_DISP_TYPE_LABEL" description="MOD_CF_FILTERING_DISP_TYPE_DESC">
					<option value="1">MOD_CF_FILTERING_SELECT</option>
					<option value="2">MOD_CF_FILTERING_RADIO</option>
					<option value="3">MOD_CF_FILTERING_CHECKBOX</option>
					<option value="4">MOD_CF_FILTERING_LINK</option>
					<option value="7">MOD_CF_FILTERING_IMAGE_LINK</option>
				</field>

				<field name="manuf_flt_disp_after" type="list" default="1"
					label="MOD_CF_FILTERING_DISPLAY_AFTER_SELECT_LABEL" description="MOD_CF_FILTERING_DISPLAY_AFTER_SELECT_DESC">
					<option value="1">MOD_CF_ALWAYS</option>
					<option value="keyword">MOD_CF_KEYWORD</option>
					<option value="vm_cat">MOD_CF_VM_CAT</option>
					<option value="keyword_or_vm_cat_or_customfilter">MOD_CF_KEYWORD_VM_CAT_CUSTOMFILTER</option>
					<option value="keyword_or_vm_cat_or_vm_manuf_or_price">MOD_CF_KEYWORD_VM_CAT_OR_VM_MANUF_OR_PRICE
					</option>
				</field>

				<field name="manuf_flt_smart_search" type="radio" default="1"
					class="btn-group btn-group-yesno" label="MOD_CF_FILTERING_DISP_SMART_SEARCH_LABEL"
					description="MOD_CF_FILTERING_DISP_SMART_SEARCH_DESC">
					<option value="1">JYES</option>
					<option value="0">JNO</option>
				</field>

				<field name="manuf_flt_scrollbar_after" type="text" default=""
					size="10" label="MOD_CF_FILTERING_SCROLLBAR_AFTER_LABEL"
					description="MOD_CF_FILTERING_SCROLLBAR_AFTER_DESC" />

				<field type="spacer" name="cfspacer" class="cfspacer"
					label="MOD_CF_FILTERING_DISPLAY" description="MOD_CF_FILTERING_DISPLAY_DESC" />

				<field name="manuf_flt_non_vm_pages" type="radio" default="1"
					class="btn-group btn-group-yesno" label="MOD_CF_FILTERING_NON_VM_PAGES_LABEL"
					description="MOD_CF_FILTERING_NON_VM_PAGES_DESC">
					<option value="1">JYES</option>
					<option value="0">JNO</option>
				</field>

				<field name="manuf_flt_vm_category_pages" type="radio"
					class="btn-group btn-group-yesno" default="1"
					label="MOD_CF_FILTERING_VMCATEGORY_PAGES_LABEL" description="MOD_CF_FILTERING_VM_CATEGORY_PAGES_DESC">
					<option value="1">JYES</option>
					<option value="0">JNO</option>
				</field>

				<field name="manuf_flt_vm_manuf_pages" type="radio" default="1"
					class="btn-group btn-group-yesno" label="MOD_CF_FILTERING_VMMANUF_PAGES_LABEL"
					description="MOD_CF_FILTERING_VM_MANUF_PAGES_DESC">
					<option value="1">JYES</option>
					<option value="0">JNO</option>
				</field>

				<field name="manuf_flt_vm_productdetails_pages" type="radio"
					class="btn-group btn-group-yesno" default="1"
					label="MOD_CF_FILTERING_VM_PRODDETAILS_PAGES_LABEL" description="MOD_CF_FILTERING_VM_PRODDETAILS_PAGES_DESC">
					<option value="1">JYES</option>
					<option value="0">JNO</option>
				</field>

				<field name="manuf_flt_vm_other_pages" type="radio" default="1"
					class="btn-group btn-group-yesno" label="MOD_CF_FILTERING_VM_OTHER_PAGES_LABEL"
					description="MOD_CF_FILTERING_VM_OTHER_PAGES_DESC">
					<option value="1">JYES</option>
					<option value="0">JNO</option>
				</field>
			</fieldset>



			<fieldset name="MOD_CF_FILTERING_PRICE">
				<field name="price_flt_published" type="radio" default="1"
					class="btn-group btn-group-yesno" label="MOD_CF_FILTERING_PUBLISHED_LABEL"
					description="MOD_CF_FILTERING_PUBLISHED_DESC">
					<option value="1">JYES</option>
					<option value="0">JNO</option>
				</field>

				<field name="price_flt_expanded" type="radio" default="1"
					class="btn-group btn-group-yesno" label="MOD_CF_FILTERING_EXPANDED_LABEL"
					description="MOD_CF_FILTERING_EXPANDED_DESC">
					<option value="1">JYES</option>
					<option value="0">JNO</option>
				</field>

				<field type="spacer" class="cfspacer" name="myspacer_cat_other"
					label="MOD_CF_FILTERING_OTHER_PARAMS" />

				<field name="price_flt_disp_text_inputs" type="radio" default="1"
					class="btn-group btn-group-yesno" label="MOD_CF_FILTERING_PRICE_DISP_INPUT"
					description="MOD_CF_FILTERING_PRICE_DISP_INPUT_DESC">
					<option value="1">JYES</option>
					<option value="0">JNO</option>
				</field>

				<field name="price_flt_disp_slider" type="radio" default="1"
					class="btn-group btn-group-yesno" label="MOD_CF_FILTERING_PRICE_DISP_SLIDER"
					description="MOD_CF_FILTERING_PRICE_DISP_SLIDER_DESC">
					<option value="1">JYES</option>
					<option value="0">JNO</option>
				</field>
				
				<field name="price_flt_dynamic_ranges" type="radio" default="0"
					class="btn-group btn-group-yesno" label="MOD_CF_FILTERING_PRICE_DYNAMIC_RANGES_LABEL"
					description="MOD_CF_FILTERING_PRICE_DYNAMIC_RANGES_DESC">
					<option value="1">JYES</option>
					<option value="0">JNO</option>
				</field>

				<field name="price_flt_slider_min_value" type="text" size="13"
					default="0" label="MOD_CF_FILTERING_PRICE_SLIDER_MIN_VALUE"
					description="MOD_CF_FILTERING_PRICE_SLIDER_MIN_VALUE_DESC" />

				<field name="price_flt_slider_max_value" type="text" size="13"
					default="300" label="MOD_CF_FILTERING_PRICE_SLIDER_MAX_VALUE"
					description="MOD_CF_FILTERING_PRICE_SLIDER_MAX_VALUE_DESC" />

				<field type="spacer" name="cfspacer" class="cfspacer"
					label="MOD_CF_FILTERING_DISPLAY" description="MOD_CF_FILTERING_DISPLAY_DESC" />

				<field name="price_flt_non_vm_pages" type="radio" default="1"
					class="btn-group btn-group-yesno" label="MOD_CF_FILTERING_NON_VM_PAGES_LABEL"
					description="MOD_CF_FILTERING_NON_VM_PAGES_DESC">
					<option value="1">JYES</option>
					<option value="0">JNO</option>
				</field>

				<field name="price_flt_vm_category_pages" type="radio"
					class="btn-group btn-group-yesno" default="1"
					label="MOD_CF_FILTERING_VMCATEGORY_PAGES_LABEL" description="MOD_CF_FILTERING_VM_CATEGORY_PAGES_DESC">
					<option value="1">JYES</option>
					<option value="0">JNO</option>
				</field>

				<field name="price_flt_vm_manuf_pages" type="radio" default="1"
					class="btn-group btn-group-yesno" label="MOD_CF_FILTERING_VMMANUF_PAGES_LABEL"
					description="MOD_CF_FILTERING_VM_MANUF_PAGES_DESC">
					<option value="1">JYES</option>
					<option value="0">JNO</option>
				</field>

				<field name="price_flt_vm_productdetails_pages" type="radio"
					class="btn-group btn-group-yesno" default="1"
					label="MOD_CF_FILTERING_VM_PRODDETAILS_PAGES_LABEL" description="MOD_CF_FILTERING_VM_PRODDETAILS_PAGES_DESC">
					<option value="1">JYES</option>
					<option value="0">JNO</option>
				</field>

				<field name="price_flt_vm_other_pages" type="radio" default="1"
					class="btn-group btn-group-yesno" label="MOD_CF_FILTERING_VM_OTHER_PAGES_LABEL"
					description="MOD_CF_FILTERING_VM_OTHER_PAGES_DESC">
					<option value="1">JYES</option>
					<option value="0">JNO</option>
				</field>

				<field name="price_flt_vm_other_pages" type="radio" default="1"
					class="btn-group btn-group-yesno" label="MOD_CF_FILTERING_VM_OTHER_PAGES_LABEL"
					description="MOD_CF_FILTERING_VM_OTHER_PAGES_DESC">
					<option value="1">JYES</option>
					<option value="0">JNO</option>
				</field>
			</fieldset>



			<fieldset name="MOD_CF_FILTERING_CUSTOM_FILTERS">
				<field name="custom_flt_published" type="radio" default="1"
					class="btn-group btn-group-yesno" label="MOD_CF_FILTERING_PUBLISHED_LABEL"
					description="MOD_CF_FILTERING_PUBLISHED_DESC">
					<option value="1">JYES</option>
					<option value="0">JNO</option>
				</field>

				<field name="custom_flt_disable_empty_filters" type="list"
					default="0" label="MOD_CF_FILTERING_EMPTY_FILTER_OPTIONS_LABEL"
					description="MOD_CF_FILTERING_EMPTY_FILTER_OPTIONS_DESC">
					<option value="1">MOD_CF_FILTERING_SHOW_DISABLED</option>
					<option value="0">MOD_CF_FILTERING_HIDE</option>
					<option value="2">MOD_CF_FILTERING_SHOW_ENABLED</option>
				</field>

				<field name="custom_flt_display_counter_results" type="radio"
					class="btn-group btn-group-yesno" default="0"
					label="MOD_CF_FILTERING_DISP_NUM_RESULTS_LABEL" description="MOD_CF_FILTERING_DISP_NUM_RESULTS_DESC2">
					<option value="1">JYES</option>
					<option value="0">JNO</option>
				</field>
				

				<field name="selected_customfilters" type="customfilters"
					multiple="true" size="10" default=""
					label="MOD_CF_FILTERING_SELECTED_FILTERS_LABEL" description="MOD_CF_FILTERING_SELECTED_FILTERS_DESC" />

				<field type="spacer" class="cfspacer" name="myspacer_cat_other"
					label="MOD_CF_FILTERING_OTHER_PARAMS" />

				<field name="custom_flt_disp_empty" type="radio" default="0"
					class="btn-group btn-group-yesno" label="MOD_CF_FILTERING_DISP_LABEL"
					description="MOD_CF_FILTERING_DISP_DESC">
					<option value="1">JYES</option>
					<option value="0">JNO</option>
				</field>

				<field name="custom_flt_disp_after" type="list"
					default="keyword_or_vm_cat_or_vm_manuf" label="MOD_CF_FILTERING_DISPLAY_AFTER_SELECT_LABEL"
					description="MOD_CF_FILTERING_DISPLAY_AFTER_SELECT_DESC">
					<option value="1">MOD_CF_ALWAYS</option>
					<option value="keyword">MOD_CF_KEYWORD</option>
					<option value="vm_cat">MOD_CF_VM_CAT</option>
					<option value="vm_manuf">MOD_CF_VM_MANUF</option>
					<option value="price">MOD_CF_PRICE</option>
					<option value="keyword_or_vm_cat_or_vm_manuf">MOD_CF_KEYWORD_VM_CAT_OR_VM_MANUF</option>
					<option value="keyword_or_vm_cat_or_vm_manuf_or_price">MOD_CF_KEYWORD_VM_CAT_OR_VM_MANUF_OR_PRICE
					</option>
					<option value="keyword_or_vm_cat_and_vm_manuf">MOD_CF_KEYWORD_VM_CAT_AND_VM_MANUF</option>
				</field>

				<field name="cf_ordering" type="list" default="cf.ordering"
					label="MOD_CF_FILTERING_ORDERING" description="MOD_CF_FILTERING_ORDERING_DESC">
					<option value="cf.ordering">MOD_CF_FILTERING_CF_COMPONENT</option>
					<option value="vmc.ordering">MOD_CF_FILTERING_VM_COMPONENT</option>
					<option value="vmc.custom_title">MOD_CF_FILTERING_CF_NAME</option>
				</field>

				<field name="cf_ordering_dir" type="radio" default="ASC"
					label="MOD_CF_FILTERING_ORDERING_DIR" description="MOD_CF_FILTERING_ORDERING_DIR_DESC">
					<option value="ASC">MOD_CF_ASCENDING</option>
					<option value="DESC">MOD_CF_DESCENDING</option>
				</field>

				<field type="spacer" name="cfspacer" class="cfspacer"
					label="MOD_CF_FILTERING_DISPLAYS" description="MOD_CF_FILTERING_DISPLAY_DESC" />

				<field name="custom_flt_non_vm_pages" type="radio" default="1"
					class="btn-group btn-group-yesno" label="MOD_CF_FILTERING_NON_VM_PAGES_LABEL"
					description="MOD_CF_FILTERING_NON_VM_PAGES_DESC">
					<option value="1">JYES</option>
					<option value="0">JNO</option>
				</field>

				<field name="custom_flt_vm_category_pages" type="radio"
					class="btn-group btn-group-yesno" default="1"
					label="MOD_CF_FILTERING_VMCATEGORY_PAGES_LABEL" description="MOD_CF_FILTERING_VM_CATEGORY_PAGES_DESC">
					<option value="1">JYES</option>
					<option value="0">JNO</option>
				</field>

				<field name="custom_flt_vm_manuf_pages" type="radio" default="1"
					class="btn-group btn-group-yesno" label="MOD_CF_FILTERING_VMMANUF_PAGES_LABEL"
					description="MOD_CF_FILTERING_VM_MANUF_PAGES_DESC">
					<option value="1">JYES</option>
					<option value="0">JNO</option>
				</field>

				<field name="custom_flt_vm_productdetails_pages" type="radio"
					class="btn-group btn-group-yesno" default="1"
					label="MOD_CF_FILTERING_VM_PRODDETAILS_PAGES_LABEL" description="MOD_CF_FILTERING_VM_PRODDETAILS_PAGES_DESC">
					<option value="1">JYES</option>
					<option value="0">JNO</option>
				</field>

				<field name="custom_flt_vm_other_pages" type="radio" default="1"
					class="btn-group btn-group-yesno" label="MOD_CF_FILTERING_VM_OTHER_PAGES_LABEL"
					description="MOD_CF_FILTERING_VM_OTHER_PAGES_DESC">
					<option value="1">JYES</option>
					<option value="0">JNO</option>
				</field>
			</fieldset>


			<fieldset name="advanced">
				<field name="layout" type="modulelayout" label="JFIELD_ALT_LAYOUT_LABEL"
					description="JFIELD_ALT_MODULE_LAYOUT_DESC" />

				<field name="cf_profiler" type="radio" default="0"
					class="btn-group btn-group-yesno" label="MOD_CF_FILTERING_DEBUG_LABEL"
					description="MOD_CF_FILTERING_DEBUG_DESC">
					<option value="1">JYES</option>
					<option value="0">JNO</option>
				</field>

				<field name="moduleclass_sfx" type="text"
					label="COM_MODULES_FIELD_MODULECLASS_SFX_LABEL" description="COM_MODULES_FIELD_MODULECLASS_SFX_DESC" />
			</fieldset>
		</fields>

	</config>
</extension>
